instance,balance_load,total_vehicles,safe_vehicles,p_safe
3l_cvrp01_0,0.053743564232470654,6,6,1.0
3l_cvrp01_1,0.019601650790945162,4,4,1.0
3l_cvrp01_2,0.09773983900056515,5,3,0.6
3l_cvrp01_3,0.09621166254395887,5,3,0.6
3l_cvrp01_4,0.0773308689062344,6,6,1.0
3l_cvrp01_5,0.04815704077769116,5,5,1.0
3l_cvrp01_6,0.019601650790945165,4,4,1.0
3l_cvrp01_7,0.0581296760844073,5,5,1.0
3l_cvrp01_8,0.09543777212962522,5,3,0.6
3l_cvrp01_9,0.04429735353570259,5,5,1.0
3l_cvrp02_0,0.10075632442395882,6,3,0.5
3l_cvrp02_1,0.1312845160928073,6,3,0.5
3l_cvrp02_2,0.120204104869324,6,4,0.6666666666666666
3l_cvrp02_3,0.12030553907272307,6,4,0.6666666666666666
3l_cvrp02_4,0.11460038614099993,6,3,0.5
3l_cvrp02_5,0.10181062123808297,6,4,0.6666666666666666
3l_cvrp02_6,0.13144132973550995,6,4,0.6666666666666666
3l_cvrp02_7,0.12684446500635557,6,4,0.6666666666666666
3l_cvrp02_8,0.12311585135903924,6,4,0.6666666666666666
3l_cvrp02_9,0.11780768679319055,6,4,0.6666666666666666
3l_cvrp03_0,0.09974813575899483,6,5,0.8333333333333334
3l_cvrp03_1,0.05504794189380313,6,5,0.8333333333333334
3l_cvrp03_2,0.06668875525475693,6,6,1.0
3l_cvrp03_3,0.06668875525475693,6,6,1.0
3l_cvrp03_4,0.0612557228083959,6,6,1.0
3l_cvrp03_5,0.071569240550951,6,6,1.0
3l_cvrp03_6,0.11397229687156056,6,4,0.6666666666666666
3l_cvrp03_7,0.08846425896318316,6,5,0.8333333333333334
3l_cvrp03_8,0.07047482148115407,6,6,1.0
3l_cvrp03_9,0.04463605398033298,6,6,1.0
3l_cvrp04_0,0.14985608867905292,7,4,0.5714285714285714
3l_cvrp04_1,0.11174482452831556,7,5,0.7142857142857143
3l_cvrp04_2,0.0948389160310695,7,5,0.7142857142857143
3l_cvrp04_3,0.10047384542150266,7,5,0.7142857142857143
3l_cvrp04_4,0.11032271329305247,7,5,0.7142857142857143
3l_cvrp04_5,0.14516691040093338,7,4,0.5714285714285714
3l_cvrp04_6,0.11090904062891875,7,5,0.7142857142857143
3l_cvrp04_7,0.14151326822611845,7,4,0.5714285714285714
3l_cvrp04_8,0.1219370649558122,7,5,0.7142857142857143
3l_cvrp04_9,0.15703815389644574,7,4,0.5714285714285714
3l_cvrp05_0,0.1263553479258015,8,6,0.75
3l_cvrp05_1,0.08605587691937636,8,6,0.75
3l_cvrp05_2,0.07059036570831058,7,6,0.8571428571428571
3l_cvrp05_3,0.10913873837648459,8,5,0.625
3l_cvrp05_4,0.0761926397670201,7,7,1.0
3l_cvrp05_5,0.07131149095684967,7,6,0.8571428571428571
3l_cvrp05_6,0.07548009361149881,7,5,0.7142857142857143
3l_cvrp05_7,0.06955446982916226,7,7,1.0
3l_cvrp05_8,0.09289208142049664,7,7,1.0
3l_cvrp05_9,0.09300793961069968,7,5,0.7142857142857143
3l_cvrp06_0,0.08305157569371509,7,6,0.8571428571428571
3l_cvrp06_1,0.08197552842577159,7,7,1.0
3l_cvrp06_2,0.09816059156387742,7,4,0.5714285714285714
3l_cvrp06_3,0.07340993847616668,7,5,0.7142857142857143
3l_cvrp06_4,0.10354577358562714,7,4,0.5714285714285714
3l_cvrp06_5,0.10267963406486715,7,5,0.7142857142857143
3l_cvrp06_6,0.09407628834146056,7,5,0.7142857142857143
3l_cvrp06_7,0.07137955614417248,7,6,0.8571428571428571
3l_cvrp06_8,0.06451340511347742,7,5,0.7142857142857143
3l_cvrp06_9,0.06539957238338757,7,6,0.8571428571428571
3l_cvrp07_0,0.06417341684361469,8,5,0.625
3l_cvrp07_1,0.06417341684361469,8,5,0.625
3l_cvrp07_2,0.06417341684361469,8,5,0.625
3l_cvrp07_3,0.06417341684361469,8,5,0.625
3l_cvrp07_4,0.06417341684361469,8,5,0.625
3l_cvrp07_5,0.06417341684361469,8,5,0.625
3l_cvrp07_6,0.06417341684361469,8,5,0.625
3l_cvrp07_7,0.06417341684361469,8,5,0.625
3l_cvrp07_8,0.06417341684361469,8,5,0.625
3l_cvrp07_9,0.06417341684361469,8,5,0.625
3l_cvrp08_0,0.1278726306872695,8,4,0.5
3l_cvrp08_1,0.12006551946128896,8,5,0.625
3l_cvrp08_2,0.07904489404800198,7,5,0.7142857142857143
3l_cvrp08_3,0.10043751006409361,7,5,0.7142857142857143
3l_cvrp08_4,0.11903563039872754,9,5,0.5555555555555556
3l_cvrp08_5,0.11903563039872754,9,5,0.5555555555555556
3l_cvrp08_6,0.09642510197141295,7,5,0.7142857142857143
3l_cvrp08_7,0.0755059678049242,7,5,0.7142857142857143
3l_cvrp08_8,0.0918153262433503,7,5,0.7142857142857143
3l_cvrp08_9,0.08663564448096915,7,5,0.7142857142857143
3l_cvrp09_0,0.10695593452027215,10,7,0.7
3l_cvrp09_1,0.0953445708698604,10,8,0.8
3l_cvrp09_2,0.11665618310901552,10,7,0.7
3l_cvrp09_3,0.115974606119257,10,9,0.9
3l_cvrp09_4,0.10813188123818289,10,8,0.8
3l_cvrp09_5,0.11091725098861645,10,8,0.8
3l_cvrp09_6,0.1049864589555386,10,7,0.7
3l_cvrp09_7,0.08964856363999019,10,9,0.9
3l_cvrp09_8,0.10111465412709322,10,8,0.8
3l_cvrp09_9,0.08044607734420248,10,10,1.0
3l_cvrp10_0,0.10490433090776392,10,8,0.8
3l_cvrp10_1,0.09570812540935367,10,8,0.8
3l_cvrp10_2,0.08158081157515494,10,8,0.8
3l_cvrp10_3,0.060313289242826404,9,8,0.8888888888888888
3l_cvrp10_4,0.09715893282572605,10,8,0.8
3l_cvrp10_5,0.08452045067863402,10,9,0.9
3l_cvrp10_6,0.057147744334732374,10,8,0.8
3l_cvrp10_7,0.09180372199356177,10,7,0.7
3l_cvrp10_8,0.057147744334732374,10,8,0.8
3l_cvrp10_9,0.06023849192424571,9,8,0.8888888888888888
3l_cvrp11_0,0.11014316523745815,10,4,0.4
3l_cvrp11_1,0.11014316523745815,10,4,0.4
3l_cvrp11_2,0.11014316523745815,10,4,0.4
3l_cvrp11_3,0.11014316523745815,10,4,0.4
3l_cvrp11_4,0.11014316523745815,10,4,0.4
3l_cvrp11_5,0.11014316523745815,10,4,0.4
3l_cvrp11_6,0.07273972928378478,10,9,0.9
3l_cvrp11_7,0.11975596803759585,10,7,0.7
3l_cvrp11_8,0.11014316523745815,10,4,0.4
3l_cvrp11_9,0.11014316523745815,10,4,0.4
3l_cvrp12_0,0.10536412146120194,11,9,0.8181818181818182
3l_cvrp12_1,0.1146993114785036,12,10,0.8333333333333334
3l_cvrp12_2,0.10017014074865555,12,9,0.75
3l_cvrp12_3,0.12139115890296531,12,8,0.6666666666666666
3l_cvrp12_4,0.09882504322465202,12,10,0.8333333333333334
3l_cvrp12_5,0.08619632186314678,11,10,0.9090909090909091
3l_cvrp12_6,0.09282440725960112,11,9,0.8181818181818182
3l_cvrp12_7,0.09226833138535703,11,8,0.7272727272727273
3l_cvrp12_8,0.1210583548729503,12,7,0.5833333333333334
3l_cvrp12_9,0.10060100713611698,11,9,0.8181818181818182
3l_cvrp13_0,0.11095466590281973,10,5,0.5
3l_cvrp13_1,0.10564042141898607,11,6,0.5454545454545454
3l_cvrp13_2,0.10564042141898607,11,6,0.5454545454545454
3l_cvrp13_3,0.10564042141898607,11,6,0.5454545454545454
3l_cvrp13_4,0.10564042141898607,11,6,0.5454545454545454
3l_cvrp13_5,0.08856896255213334,9,8,0.8888888888888888
3l_cvrp13_6,0.08779584303268792,10,7,0.7
3l_cvrp13_7,0.10564042141898607,11,6,0.5454545454545454
3l_cvrp13_8,0.10564042141898607,11,6,0.5454545454545454
3l_cvrp13_9,0.10564042141898607,11,6,0.5454545454545454
3l_cvrp14_0,0.09786710221682517,11,8,0.7272727272727273
3l_cvrp14_1,0.09068373705366123,11,9,0.8181818181818182
3l_cvrp14_2,0.09869261573961956,11,7,0.6363636363636364
3l_cvrp14_3,0.08162881262885534,11,10,0.9090909090909091
3l_cvrp14_4,0.08435049182519315,11,11,1.0
3l_cvrp14_5,0.08626391140581416,11,9,0.8181818181818182
3l_cvrp14_6,0.06601679861860334,11,10,0.9090909090909091
3l_cvrp14_7,0.10361651879434121,11,9,0.8181818181818182
3l_cvrp14_8,0.08650139774317367,11,9,0.8181818181818182
3l_cvrp14_9,0.08219952229868754,11,9,0.8181818181818182
3l_cvrp15_0,0.11712185261426104,11,8,0.7272727272727273
3l_cvrp15_1,0.08707755546742017,10,8,0.8
3l_cvrp15_2,0.0747301655307613,10,8,0.8
3l_cvrp15_3,0.09895396224517197,10,9,0.9
3l_cvrp15_4,0.048578020581218996,10,10,1.0
3l_cvrp15_5,0.06540942811031507,10,10,1.0
3l_cvrp15_6,0.09033420096397961,10,9,0.9
3l_cvrp15_7,0.0905402883436509,10,8,0.8
3l_cvrp15_8,0.044230137002126364,10,10,1.0
3l_cvrp15_9,0.07339064331595191,10,9,0.9
3l_cvrp16_0,0.10741027929226221,12,9,0.75
3l_cvrp16_1,0.0883106534392885,12,11,0.9166666666666666
3l_cvrp16_2,0.10737557866197554,13,12,0.9230769230769231
3l_cvrp16_3,0.0972147335114031,13,12,0.9230769230769231
3l_cvrp16_4,0.12484070292825092,13,9,0.6923076923076923
3l_cvrp16_5,0.10031668737891164,12,11,0.9166666666666666
3l_cvrp16_6,0.1177376879461386,12,8,0.6666666666666666
3l_cvrp16_7,0.11952582088235782,12,10,0.8333333333333334
3l_cvrp16_8,0.09959726275643836,12,11,0.9166666666666666
3l_cvrp16_9,0.11935615953494315,12,9,0.75
3l_cvrp17_0,0.12604023344998783,16,14,0.875
3l_cvrp17_1,0.13636594736736413,16,11,0.6875
3l_cvrp17_2,0.13522997408735704,16,11,0.6875
3l_cvrp17_3,0.14194192320950202,16,11,0.6875
3l_cvrp17_4,0.11129461462650156,15,10,0.6666666666666666
3l_cvrp17_5,0.12511917191354244,16,11,0.6875
3l_cvrp17_6,0.12624435033571524,16,10,0.625
3l_cvrp17_7,0.13214148111370913,16,11,0.6875
3l_cvrp17_8,0.11929443172289837,16,11,0.6875
3l_cvrp17_9,0.11393650199810919,16,12,0.75
3l_cvrp18_0,0.07706370485581973,14,12,0.8571428571428571
3l_cvrp18_1,0.06607092534039201,14,9,0.6428571428571429
3l_cvrp18_2,0.09090310291454415,14,11,0.7857142857142857
3l_cvrp18_3,0.10146665565459977,14,10,0.7142857142857143
3l_cvrp18_4,0.06607092534039201,14,9,0.6428571428571429
3l_cvrp18_5,0.1043171687137817,14,11,0.7857142857142857
3l_cvrp18_6,0.09915633031511792,14,10,0.7142857142857143
3l_cvrp18_7,0.10017628304898737,14,12,0.8571428571428571
3l_cvrp18_8,0.09561652956638181,14,11,0.7857142857142857
3l_cvrp18_9,0.06607092534039201,14,9,0.6428571428571429
3l_cvrp19_0,0.09646753356337727,17,11,0.6470588235294118
3l_cvrp19_1,0.09646753356337727,17,11,0.6470588235294118
3l_cvrp19_2,0.09646753356337727,17,11,0.6470588235294118
3l_cvrp19_3,0.09646753356337727,17,11,0.6470588235294118
3l_cvrp19_4,0.09646753356337727,17,11,0.6470588235294118
3l_cvrp19_5,0.09646753356337727,17,11,0.6470588235294118
3l_cvrp19_6,0.09646753356337727,17,11,0.6470588235294118
3l_cvrp19_7,0.09646753356337727,17,11,0.6470588235294118
3l_cvrp19_8,0.09646753356337727,17,11,0.6470588235294118
3l_cvrp19_9,0.09646753356337727,17,11,0.6470588235294118
3l_cvrp20_0,0.08216965827313583,22,14,0.6363636363636364
3l_cvrp20_1,0.08216965827313583,22,14,0.6363636363636364
3l_cvrp20_2,0.08216965827313583,22,14,0.6363636363636364
3l_cvrp20_3,0.08216965827313583,22,14,0.6363636363636364
3l_cvrp20_4,0.08216965827313583,22,14,0.6363636363636364
3l_cvrp20_5,0.08216965827313583,22,14,0.6363636363636364
3l_cvrp20_6,0.08216965827313583,22,14,0.6363636363636364
3l_cvrp20_7,0.08216965827313583,22,14,0.6363636363636364
3l_cvrp20_8,0.08216965827313583,22,14,0.6363636363636364
3l_cvrp20_9,0.08216965827313583,22,14,0.6363636363636364
3l_cvrp21_0,0.05077559652878982,21,12,0.5714285714285714
3l_cvrp21_1,0.05077559652878982,21,12,0.5714285714285714
3l_cvrp21_2,0.05077559652878982,21,12,0.5714285714285714
3l_cvrp21_3,0.05077559652878982,21,12,0.5714285714285714
3l_cvrp21_4,0.05077559652878982,21,12,0.5714285714285714
3l_cvrp21_5,0.05077559652878982,21,12,0.5714285714285714
3l_cvrp21_6,0.05077559652878982,21,12,0.5714285714285714
3l_cvrp21_7,0.05077559652878982,21,12,0.5714285714285714
3l_cvrp21_8,0.05077559652878982,21,12,0.5714285714285714
3l_cvrp21_9,0.05077559652878982,21,12,0.5714285714285714
3l_cvrp22_0,0.05233759455473055,23,13,0.5652173913043478
3l_cvrp22_1,0.05233759455473055,23,13,0.5652173913043478
3l_cvrp22_2,0.05233759455473055,23,13,0.5652173913043478
3l_cvrp22_3,0.05233759455473055,23,13,0.5652173913043478
3l_cvrp22_4,0.05233759455473055,23,13,0.5652173913043478
3l_cvrp22_5,0.05233759455473055,23,13,0.5652173913043478
3l_cvrp22_6,0.05233759455473055,23,13,0.5652173913043478
3l_cvrp22_7,0.05233759455473055,23,13,0.5652173913043478
3l_cvrp22_8,0.05233759455473055,23,13,0.5652173913043478
3l_cvrp22_9,0.05233759455473055,23,13,0.5652173913043478
3l_cvrp23_0,0.0702407076231866,22,20,0.9090909090909091
3l_cvrp23_1,0.07193739977588542,22,16,0.7272727272727273
3l_cvrp23_2,0.07193739977588542,22,16,0.7272727272727273
3l_cvrp23_3,0.07193739977588542,22,16,0.7272727272727273
3l_cvrp23_4,0.06409754841636774,22,21,0.9545454545454546
3l_cvrp23_5,0.07193739977588542,22,16,0.7272727272727273
3l_cvrp23_6,0.07193739977588542,22,16,0.7272727272727273
3l_cvrp23_7,0.06699231068572532,22,18,0.8181818181818182
3l_cvrp23_8,0.07193739977588542,22,16,0.7272727272727273
3l_cvrp23_9,0.054716035258970154,22,20,0.9090909090909091
3l_cvrp24_0,0.06071230406156536,21,13,0.6190476190476191
3l_cvrp24_1,0.06071230406156536,21,13,0.6190476190476191
3l_cvrp24_2,0.06071230406156536,21,13,0.6190476190476191
3l_cvrp24_3,0.06071230406156536,21,13,0.6190476190476191
3l_cvrp24_4,0.06071230406156536,21,13,0.6190476190476191
3l_cvrp24_5,0.06071230406156536,21,13,0.6190476190476191
3l_cvrp24_6,0.06071230406156536,21,13,0.6190476190476191
3l_cvrp24_7,0.06071230406156536,21,13,0.6190476190476191
3l_cvrp24_8,0.06071230406156536,21,13,0.6190476190476191
3l_cvrp24_9,0.06071230406156536,21,13,0.6190476190476191
3l_cvrp25_0,0.04753517775385178,27,14,0.5185185185185185
3l_cvrp25_1,0.04753517775385178,27,14,0.5185185185185185
3l_cvrp25_2,0.04753517775385178,27,14,0.5185185185185185
3l_cvrp25_3,0.04753517775385178,27,14,0.5185185185185185
3l_cvrp25_4,0.04753517775385178,27,14,0.5185185185185185
3l_cvrp25_5,0.04753517775385178,27,14,0.5185185185185185
3l_cvrp25_6,0.04753517775385178,27,14,0.5185185185185185
3l_cvrp25_7,0.04753517775385178,27,14,0.5185185185185185
3l_cvrp25_8,0.04753517775385178,27,14,0.5185185185185185
3l_cvrp25_9,0.04753517775385178,27,14,0.5185185185185185
3l_cvrp26_0,0.04794605394663053,29,21,0.7241379310344828
3l_cvrp26_1,0.04794605394663053,29,21,0.7241379310344828
3l_cvrp26_2,0.04794605394663053,29,21,0.7241379310344828
3l_cvrp26_3,0.04794605394663053,29,21,0.7241379310344828
3l_cvrp26_4,0.04794605394663053,29,21,0.7241379310344828
3l_cvrp26_5,0.04794605394663053,29,21,0.7241379310344828
3l_cvrp26_6,0.04794605394663053,29,21,0.7241379310344828
3l_cvrp26_7,0.04794605394663053,29,21,0.7241379310344828
3l_cvrp26_8,0.04794605394663053,29,21,0.7241379310344828
3l_cvrp26_9,0.04794605394663053,29,21,0.7241379310344828
3l_cvrp27_0,0.05215693657465339,29,18,0.6206896551724138
3l_cvrp27_1,0.05215693657465339,29,18,0.6206896551724138
3l_cvrp27_2,0.05215693657465339,29,18,0.6206896551724138
3l_cvrp27_3,0.05215693657465339,29,18,0.6206896551724138
3l_cvrp27_4,0.05215693657465339,29,18,0.6206896551724138
3l_cvrp27_5,0.05215693657465339,29,18,0.6206896551724138
3l_cvrp27_6,0.05215693657465339,29,18,0.6206896551724138
3l_cvrp27_7,0.05215693657465339,29,18,0.6206896551724138
3l_cvrp27_8,0.05215693657465339,29,18,0.6206896551724138
3l_cvrp27_9,0.05215693657465339,29,18,0.6206896551724138
