instance,distance,fill_rate,calculation_time
3l_cvrp01.txt,345.94820891437996,6,0.3569481481481481,24.112298488616943
3l_cvrp01.txt,322.55319958521346,4,0.5354222222222222,25.491204500198364
3l_cvrp01.txt,335.5380484999501,5,0.42833777777777776,25.744125604629517
3l_cvrp01.txt,335.5380484999501,5,0.42833777777777776,28.213903427124023
3l_cvrp01.txt,349.28375242595564,6,0.3569481481481481,27.005441427230835
3l_cvrp01.txt,344.5570773447845,5,0.42833777777777776,28.086766004562378
3l_cvrp01.txt,322.55319958521346,4,0.5354222222222222,28.791091442108154
3l_cvrp01.txt,349.6154490473865,5,0.42833777777777776,27.092974424362183
3l_cvrp01.txt,334.45885578216235,5,0.42833777777777776,29.388792276382446
3l_cvrp01.txt,351.4021082871697,5,0.42833777777777776,26.154324293136597
3l_cvrp02.txt,359.7164381304792,6,0.2768333333333333,13.251211881637573
3l_cvrp02.txt,356.13653182202165,6,0.2768333333333333,13.446077823638916
3l_cvrp02.txt,349.2222038082918,6,0.2768333333333333,13.025034427642822
3l_cvrp02.txt,366.6144126488235,6,0.2768333333333333,14.732807636260986
3l_cvrp02.txt,364.0798535761121,6,0.2768333333333333,14.288300275802612
3l_cvrp02.txt,353.41720709413767,6,0.2768333333333333,13.92635726928711
3l_cvrp02.txt,349.36717868227015,6,0.2768333333333333,13.038628101348877
3l_cvrp02.txt,365.341965788742,6,0.2768333333333333,13.44692325592041
3l_cvrp02.txt,356.4046638181839,6,0.2768333333333333,13.552666664123535
3l_cvrp02.txt,354.962061538083,6,0.2768333333333333,13.660815954208374
3l_cvrp03.txt,497.45528033771484,6,0.37345555555555554,41.575308084487915
3l_cvrp03.txt,530.9792103937872,6,0.37345555555555554,47.874998569488525
3l_cvrp03.txt,505.52657119612405,6,0.37345555555555554,41.936495780944824
3l_cvrp03.txt,505.52657119612405,6,0.37345555555555554,40.56643533706665
3l_cvrp03.txt,533.7056428835765,6,0.37345555555555554,50.68583154678345
3l_cvrp03.txt,514.9507905971293,6,0.37345555555555554,41.64064908027649
3l_cvrp03.txt,490.45625444761794,6,0.37345555555555554,69.02840852737427
3l_cvrp03.txt,531.075677951983,6,0.37345555555555554,56.473206520080566
3l_cvrp03.txt,504.781854847397,6,0.37345555555555554,45.72864770889282
3l_cvrp03.txt,511.78397798561093,6,0.37345555555555554,38.014928340911865
3l_cvrp04.txt,498.65903088468025,7,0.3159047619047619,34.58416938781738
3l_cvrp04.txt,474.75926105089104,7,0.3159047619047619,39.77080965042114
3l_cvrp04.txt,494.7527925963948,7,0.3159047619047619,39.461581230163574
3l_cvrp04.txt,503.54606772871807,7,0.3159047619047619,38.6167893409729
3l_cvrp04.txt,521.9315309607771,7,0.3159047619047619,35.290127992630005
3l_cvrp04.txt,502.51056589198464,7,0.3159047619047619,42.88509798049927
3l_cvrp04.txt,521.9315309607771,7,0.3159047619047619,33.18948674201965
3l_cvrp04.txt,473.8670115720697,7,0.3159047619047619,39.49151825904846
3l_cvrp04.txt,508.6666641583902,7,0.3159047619047619,40.46999764442444
3l_cvrp04.txt,491.7923753116521,7,0.3159047619047619,38.40182948112488
3l_cvrp05.txt,584.0552910889915,8,0.36685,54.97960019111633
3l_cvrp05.txt,599.1033808961515,8,0.36685,54.7800076007843
3l_cvrp05.txt,534.7015781858009,7,0.4192571428571429,72.46871161460876
3l_cvrp05.txt,603.0501831888215,8,0.36685,52.15154814720154
3l_cvrp05.txt,593.9469096324293,7,0.4192571428571429,54.534491300582886
3l_cvrp05.txt,553.489449353175,7,0.4192571428571429,53.88977932929993
3l_cvrp05.txt,557.674830381693,7,0.4192571428571429,61.2536461353302
3l_cvrp05.txt,523.6130770964996,7,0.4192571428571429,72.2718198299408
3l_cvrp05.txt,590.8204336296708,7,0.4192571428571429,66.5531358718872
3l_cvrp05.txt,543.0573631920745,7,0.4192571428571429,52.37411713600159
3l_cvrp06.txt,555.108462832467,7,0.3190857142857143,46.40026831626892
3l_cvrp06.txt,542.9714873984416,7,0.3190857142857143,49.61955666542053
3l_cvrp06.txt,547.8781428867107,7,0.3190857142857143,48.840983867645264
3l_cvrp06.txt,521.8867118964048,7,0.3190857142857143,56.419917583465576
3l_cvrp06.txt,531.1681993202087,7,0.3190857142857143,53.7164888381958
3l_cvrp06.txt,541.8183408213073,7,0.3190857142857143,46.28877806663513
3l_cvrp06.txt,527.5756163340742,7,0.3190857142857143,48.2169828414917
3l_cvrp06.txt,563.3370319607841,7,0.3190857142857143,62.82551693916321
3l_cvrp06.txt,545.5358131596681,7,0.3190857142857143,83.39971113204956
3l_cvrp06.txt,536.715527111932,7,0.3190857142857143,62.35295343399048
3l_cvrp07.txt,1661.728477848991,8,0.35768055555555556,53.54988765716553
3l_cvrp07.txt,1661.728477848991,8,0.35768055555555556,38.709001541137695
3l_cvrp07.txt,1661.728477848991,8,0.35768055555555556,35.60644006729126
3l_cvrp07.txt,1661.728477848991,8,0.35768055555555556,35.62584447860718
3l_cvrp07.txt,1661.728477848991,8,0.35768055555555556,44.20428919792175
3l_cvrp07.txt,1661.728477848991,8,0.35768055555555556,46.65299892425537
3l_cvrp07.txt,1661.728477848991,8,0.35768055555555556,42.09583139419556
3l_cvrp07.txt,1661.728477848991,8,0.35768055555555556,43.48847413063049
3l_cvrp07.txt,1661.728477848991,8,0.35768055555555556,40.25151515007019
3l_cvrp07.txt,1661.728477848991,8,0.35768055555555556,43.384124517440796
3l_cvrp08.txt,970.3054411362034,8,0.35373333333333334,54.29882884025574
3l_cvrp08.txt,991.6632606125123,8,0.35373333333333334,52.28089737892151
3l_cvrp08.txt,969.5352757532442,7,0.40426666666666666,53.00485396385193
3l_cvrp08.txt,1060.114935139393,7,0.40426666666666666,48.44507670402527
3l_cvrp08.txt,1470.3869700428977,9,0.3144296296296296,39.2079017162323
3l_cvrp08.txt,1470.3869700428977,9,0.3144296296296296,45.81216907501221
3l_cvrp08.txt,934.8439088366894,7,0.40426666666666666,61.11749482154846
3l_cvrp08.txt,988.7367834902683,7,0.40426666666666666,49.21131706237793
3l_cvrp08.txt,989.642108555841,7,0.40426666666666666,52.05512714385986
3l_cvrp08.txt,935.5442040149466,7,0.40426666666666666,66.05851936340332
3l_cvrp09.txt,746.7293373680383,10,0.3614777777777778,75.19853734970093
3l_cvrp09.txt,731.5277280880258,10,0.3614777777777778,79.73394346237183
3l_cvrp09.txt,748.2913626913646,10,0.3614777777777778,83.10347771644592
3l_cvrp09.txt,733.1529567304177,10,0.3614777777777778,82.87903213500977
3l_cvrp09.txt,744.2958061589962,10,0.3614777777777778,78.87706804275513
3l_cvrp09.txt,740.8714270938518,10,0.3614777777777778,86.40964818000793
3l_cvrp09.txt,717.5789432787986,10,0.3614777777777778,128.11542868614197
3l_cvrp09.txt,731.5749855509296,10,0.3614777777777778,87.23589205741882
3l_cvrp09.txt,755.9647652469965,10,0.3614777777777778,93.87291526794434
3l_cvrp09.txt,737.3615911124433,10,0.3614777777777778,113.7557737827301
3l_cvrp10.txt,1274.8050704647048,10,0.40197555555555553,164.6473743915558
3l_cvrp10.txt,1333.1040041830713,10,0.40197555555555553,186.77297806739807
3l_cvrp10.txt,1404.1800009829965,10,0.40197555555555553,191.5125391483307
3l_cvrp10.txt,1277.126705417293,9,0.4466395061728395,190.8603711128235
3l_cvrp10.txt,1237.8850391388976,10,0.40197555555555553,155.9534194469452
3l_cvrp10.txt,1238.6468276029498,10,0.40197555555555553,208.26598691940308
3l_cvrp10.txt,1715.9810952933913,10,0.40197555555555553,125.43655347824097
3l_cvrp10.txt,1236.8752808660377,10,0.40197555555555553,195.09329390525818
3l_cvrp10.txt,1715.9810952933913,10,0.40197555555555553,114.35409545898438
3l_cvrp10.txt,1294.5864863913766,9,0.4466395061728395,207.4183850288391
3l_cvrp11.txt,1571.1881169100461,10,0.3876088888888889,109.35340762138367
3l_cvrp11.txt,1571.1881169100461,10,0.3876088888888889,148.91741156578064
3l_cvrp11.txt,1571.1881169100461,10,0.3876088888888889,128.35842633247375
3l_cvrp11.txt,1571.1881169100461,10,0.3876088888888889,132.40986561775208
3l_cvrp11.txt,1571.1881169100461,10,0.3876088888888889,124.76643872261047
3l_cvrp11.txt,1571.1881169100461,10,0.3876088888888889,84.36605262756348
3l_cvrp11.txt,1114.6081324620743,10,0.3876088888888889,117.96761322021484
3l_cvrp11.txt,1438.4053686227855,10,0.3876088888888889,88.11051654815674
3l_cvrp11.txt,1571.1881169100461,10,0.3876088888888889,66.50487518310547
3l_cvrp11.txt,1571.1881169100461,10,0.3876088888888889,84.39430022239685
3l_cvrp12.txt,709.7151836518633,11,0.3607010101010101,156.98703145980835
3l_cvrp12.txt,770.0010992530053,12,0.3306425925925926,161.4189133644104
3l_cvrp12.txt,730.3431680548765,12,0.3306425925925926,145.6621880531311
3l_cvrp12.txt,719.139678863352,12,0.3306425925925926,147.73958563804626
3l_cvrp12.txt,732.9433424214659,12,0.3306425925925926,151.14781427383423
3l_cvrp12.txt,672.2921237351152,11,0.3607010101010101,171.58033299446106
3l_cvrp12.txt,674.4788937237436,11,0.3607010101010101,153.22504258155823
3l_cvrp12.txt,751.7745225558151,11,0.3607010101010101,154.80178713798523
3l_cvrp12.txt,722.0819097314528,12,0.3306425925925926,170.86420249938965
3l_cvrp12.txt,701.8215761930197,11,0.3607010101010101,153.33799147605896
3l_cvrp13.txt,3696.7893932398238,10,0.37587777777777776,112.70404863357544
3l_cvrp13.txt,5292.4839609751,11,0.3417070707070707,80.82287573814392
3l_cvrp13.txt,5292.4839609751,11,0.3417070707070707,81.76764059066772
3l_cvrp13.txt,5292.4839609751,11,0.3417070707070707,88.07171893119812
3l_cvrp13.txt,5292.4839609751,11,0.3417070707070707,79.79801774024963
3l_cvrp13.txt,4246.66557806322,9,0.417641975308642,127.39604353904724
3l_cvrp13.txt,4338.357775109573,10,0.37587777777777776,124.88282752037048
3l_cvrp13.txt,5292.4839609751,11,0.3417070707070707,72.29295659065247
3l_cvrp13.txt,5292.4839609751,11,0.3417070707070707,73.18181705474854
3l_cvrp13.txt,5292.4839609751,11,0.3417070707070707,69.47873067855835
3l_cvrp14.txt,2066.594796868914,11,0.412020202020202,173.1132252216339
3l_cvrp14.txt,2095.1205798355077,11,0.412020202020202,133.2203333377838
3l_cvrp14.txt,2075.775249300571,11,0.412020202020202,147.36022067070007
3l_cvrp14.txt,1990.006560622618,11,0.412020202020202,145.51072335243225
3l_cvrp14.txt,2091.539708865278,11,0.412020202020202,160.6484980583191
3l_cvrp14.txt,2092.827342870861,11,0.412020202020202,152.11950540542603
3l_cvrp14.txt,2113.88805144504,11,0.412020202020202,155.40992546081543
3l_cvrp14.txt,2109.5551180499465,11,0.412020202020202,131.67789220809937
3l_cvrp14.txt,2072.517626536603,11,0.412020202020202,137.55640244483948
3l_cvrp14.txt,2066.5025177046946,11,0.412020202020202,139.6118347644806
3l_cvrp15.txt,1968.116718264612,11,0.39533535353535354,118.0999698638916
3l_cvrp15.txt,1923.8977158209664,10,0.4348688888888889,112.14930725097656
3l_cvrp15.txt,1940.7195733761196,10,0.4348688888888889,120.90764999389648
3l_cvrp15.txt,1976.8402288213542,10,0.4348688888888889,141.8704650402069
3l_cvrp15.txt,2001.285983394654,10,0.4348688888888889,123.30066967010498
3l_cvrp15.txt,1989.9588898781642,10,0.4348688888888889,124.05872845649719
3l_cvrp15.txt,1972.7404260796945,10,0.4348688888888889,118.17960500717163
3l_cvrp15.txt,2013.7406181820459,10,0.4348688888888889,134.3779010772705
3l_cvrp15.txt,1988.3243141639118,10,0.4348688888888889,127.00093674659729
3l_cvrp15.txt,1947.1515004015798,10,0.4348688888888889,123.09497833251953
3l_cvrp16.txt,808.6727156999689,12,0.3106611111111111,135.29042315483093
3l_cvrp16.txt,813.6696122053853,12,0.3106611111111111,124.54244041442871
3l_cvrp16.txt,833.7163768193424,13,0.28676410256410256,114.25417757034302
3l_cvrp16.txt,845.5830147208362,13,0.28676410256410256,115.77209496498108
3l_cvrp16.txt,802.4913934317403,13,0.28676410256410256,138.00547194480896
3l_cvrp16.txt,824.9183550041704,12,0.3106611111111111,125.9775037765503
3l_cvrp16.txt,799.1267989751774,12,0.3106611111111111,128.4510223865509
3l_cvrp16.txt,815.2494731292147,12,0.3106611111111111,141.7861831188202
3l_cvrp16.txt,812.3418243312257,12,0.3106611111111111,122.70439147949219
3l_cvrp16.txt,801.0390331840281,12,0.3106611111111111,140.35268235206604
3l_cvrp17.txt,1013.9425673319518,16,0.29795555555555553,183.86247086524963
3l_cvrp17.txt,1005.69819799588,16,0.29795555555555553,171.384610414505
3l_cvrp17.txt,1048.0217400369536,16,0.29795555555555553,163.18905591964722
3l_cvrp17.txt,1000.5040774255438,16,0.29795555555555553,153.28696656227112
3l_cvrp17.txt,1112.4326207679899,15,0.31781925925925925,148.86444687843323
3l_cvrp17.txt,1004.612950972661,16,0.29795555555555553,181.87673807144165
3l_cvrp17.txt,1296.6132899401323,16,0.29795555555555553,133.65829062461853
3l_cvrp17.txt,1007.2487074044141,16,0.29795555555555553,176.88030219078064
3l_cvrp17.txt,984.4112664244892,16,0.29795555555555553,183.9525933265686
3l_cvrp17.txt,1057.9384059543065,16,0.29795555555555553,188.04413294792175
3l_cvrp18.txt,2065.053228989504,14,0.42322857142857145,242.23808813095093
3l_cvrp18.txt,2483.227132020227,14,0.42322857142857145,238.6579074859619
3l_cvrp18.txt,1999.5325428505355,14,0.42322857142857145,234.1082305908203
3l_cvrp18.txt,2077.083896350783,14,0.42322857142857145,253.8283622264862
3l_cvrp18.txt,2483.227132020227,14,0.42322857142857145,176.53540205955505
3l_cvrp18.txt,2067.7216418184553,14,0.42322857142857145,241.27304244041443
3l_cvrp18.txt,2168.845842015161,14,0.42322857142857145,207.9123466014862
3l_cvrp18.txt,1981.882688256715,14,0.42322857142857145,231.39553451538086
3l_cvrp18.txt,2175.5189156190722,14,0.42322857142857145,201.5656898021698
3l_cvrp18.txt,2483.227132020227,14,0.42322857142857145,224.9672818183899
3l_cvrp19.txt,1585.9471702160195,17,0.35879346405228757,230.3584587574005
3l_cvrp19.txt,1585.9471702160195,17,0.35879346405228757,268.4013421535492
3l_cvrp19.txt,1585.9471702160195,17,0.35879346405228757,310.00588870048523
3l_cvrp19.txt,1585.9471702160195,17,0.35879346405228757,276.64702343940735
3l_cvrp19.txt,1585.9471702160195,17,0.35879346405228757,248.4923553466797
3l_cvrp19.txt,1585.9471702160195,17,0.35879346405228757,255.75651597976685
3l_cvrp19.txt,1585.9471702160195,17,0.35879346405228757,246.73390245437622
3l_cvrp19.txt,1585.9471702160195,17,0.35879346405228757,229.96239566802979
3l_cvrp19.txt,1585.9471702160195,17,0.35879346405228757,291.4950075149536
3l_cvrp19.txt,1585.9471702160195,17,0.35879346405228757,263.32314825057983
3l_cvrp20.txt,1225.6024259838664,22,0.4407969696969697,428.15724992752075
3l_cvrp20.txt,1225.6024259838664,22,0.4407969696969697,397.50970220565796
3l_cvrp20.txt,1225.6024259838664,22,0.4407969696969697,469.565318107605
3l_cvrp20.txt,1225.6024259838664,22,0.4407969696969697,347.6202435493469
3l_cvrp20.txt,1225.6024259838664,22,0.4407969696969697,372.098042011261
3l_cvrp20.txt,1225.6024259838664,22,0.4407969696969697,423.9476737976074
3l_cvrp20.txt,1225.6024259838664,22,0.4407969696969697,525.9071898460388
3l_cvrp20.txt,1225.6024259838664,22,0.4407969696969697,401.3093478679657
3l_cvrp20.txt,1225.6024259838664,22,0.4407969696969697,583.3479745388031
3l_cvrp20.txt,1225.6024259838664,22,0.4407969696969697,585.2524454593658
3l_cvrp21.txt,2188.547116611415,21,0.43568253968253967,661.1486487388611
3l_cvrp21.txt,2188.547116611415,21,0.43568253968253967,565.9182982444763
3l_cvrp21.txt,2188.547116611415,21,0.43568253968253967,483.67995595932007
3l_cvrp21.txt,2188.547116611415,21,0.43568253968253967,569.8700394630432
3l_cvrp21.txt,2188.547116611415,21,0.43568253968253967,759.7035324573517
3l_cvrp21.txt,2188.547116611415,21,0.43568253968253967,700.0320670604706
3l_cvrp21.txt,2188.547116611415,21,0.43568253968253967,868.2106213569641
3l_cvrp21.txt,2188.547116611415,21,0.43568253968253967,935.4805178642273
3l_cvrp21.txt,2188.547116611415,21,0.43568253968253967,588.712340593338
3l_cvrp21.txt,2188.547116611415,21,0.43568253968253967,547.9678113460541
3l_cvrp22.txt,2301.6161589292874,23,0.4282202898550725,385.4175262451172
3l_cvrp22.txt,2301.6161589292874,23,0.4282202898550725,607.5114846229553
3l_cvrp22.txt,2301.6161589292874,23,0.4282202898550725,400.7570242881775
3l_cvrp22.txt,2301.6161589292874,23,0.4282202898550725,555.5879533290863
3l_cvrp22.txt,2301.6161589292874,23,0.4282202898550725,647.8115878105164
3l_cvrp22.txt,2301.6161589292874,23,0.4282202898550725,535.0303976535797
3l_cvrp22.txt,2301.6161589292874,23,0.4282202898550725,558.3193135261536
3l_cvrp22.txt,2301.6161589292874,23,0.4282202898550725,355.2009699344635
3l_cvrp22.txt,2301.6161589292874,23,0.4282202898550725,599.6416523456573
3l_cvrp22.txt,2301.6161589292874,23,0.4282202898550725,474.4808270931244
3l_cvrp23.txt,2052.066042580153,22,0.42826868686868685,793.712598323822
3l_cvrp23.txt,2440.998248360316,22,0.42826868686868685,753.3231959342957
3l_cvrp23.txt,2440.998248360316,22,0.42826868686868685,828.0689029693604
3l_cvrp23.txt,2440.998248360316,22,0.42826868686868685,702.9592111110687
3l_cvrp23.txt,2075.449255417788,22,0.42826868686868685,786.1689746379852
3l_cvrp23.txt,2440.998248360316,22,0.42826868686868685,734.1136317253113
3l_cvrp23.txt,2440.998248360316,22,0.42826868686868685,746.9320423603058
3l_cvrp23.txt,2131.1818338799103,22,0.42826868686868685,674.4368331432343
3l_cvrp23.txt,2440.998248360316,22,0.42826868686868685,721.6016483306885
3l_cvrp23.txt,1994.2677441770147,22,0.42826868686868685,679.6955473423004
3l_cvrp24.txt,2307.1585048841716,21,0.41733968253968257,582.4070820808411
3l_cvrp24.txt,2307.1585048841716,21,0.41733968253968257,589.1343007087708
3l_cvrp24.txt,2307.1585048841716,21,0.41733968253968257,417.1622323989868
3l_cvrp24.txt,2307.1585048841716,21,0.41733968253968257,632.7966513633728
3l_cvrp24.txt,2307.1585048841716,21,0.41733968253968257,483.491721868515
3l_cvrp24.txt,2307.1585048841716,21,0.41733968253968257,451.14442801475525
3l_cvrp24.txt,2307.1585048841716,21,0.41733968253968257,591.8635771274567
3l_cvrp24.txt,2307.1585048841716,21,0.41733968253968257,544.8108835220337
3l_cvrp24.txt,2307.1585048841716,21,0.41733968253968257,600.9338943958282
3l_cvrp24.txt,2307.1585048841716,21,0.41733968253968257,485.16444396972656
3l_cvrp25.txt,3126.1784098125663,27,0.4409901234567901,1200.682584285736
3l_cvrp25.txt,3126.1784098125663,27,0.4409901234567901,988.7331781387329
3l_cvrp25.txt,3126.1784098125663,27,0.4409901234567901,829.455159664154
3l_cvrp25.txt,3126.1784098125663,27,0.4409901234567901,1132.8466415405273
3l_cvrp25.txt,3126.1784098125663,27,0.4409901234567901,746.5002114772797
3l_cvrp25.txt,3126.1784098125663,27,0.4409901234567901,694.4187335968018
3l_cvrp25.txt,3126.1784098125663,27,0.4409901234567901,1030.6042585372925
3l_cvrp25.txt,3126.1784098125663,27,0.4409901234567901,818.2298998832703
3l_cvrp25.txt,3126.1784098125663,27,0.4409901234567901,692.3546807765961
3l_cvrp25.txt,3126.1784098125663,27,0.4409901234567901,1061.5796794891357
3l_cvrp26.txt,3686.4442337587807,29,0.46511800766283523,921.4741756916046
3l_cvrp26.txt,3686.4442337587807,29,0.46511800766283523,1002.3114297389984
3l_cvrp26.txt,3686.4442337587807,29,0.46511800766283523,1024.3825285434723
3l_cvrp26.txt,3686.4442337587807,29,0.46511800766283523,1172.5181329250336
3l_cvrp26.txt,3686.4442337587807,29,0.46511800766283523,758.2685897350311
3l_cvrp26.txt,3686.4442337587807,29,0.46511800766283523,891.2024147510529
3l_cvrp26.txt,3686.4442337587807,29,0.46511800766283523,952.8863911628723
3l_cvrp26.txt,3686.4442337587807,29,0.46511800766283523,861.6018998622894
3l_cvrp26.txt,3686.4442337587807,29,0.46511800766283523,927.7568259239197
3l_cvrp26.txt,3686.4442337587807,29,0.46511800766283523,899.7789726257324
3l_cvrp27.txt,3443.125337584332,29,0.45406896551724135,826.6496875286102
3l_cvrp27.txt,3443.125337584332,29,0.45406896551724135,992.5516402721405
3l_cvrp27.txt,3443.125337584332,29,0.45406896551724135,1079.8498294353485
3l_cvrp27.txt,3443.125337584332,29,0.45406896551724135,1144.6956090927124
3l_cvrp27.txt,3443.125337584332,29,0.45406896551724135,1181.281851053238
3l_cvrp27.txt,3443.125337584332,29,0.45406896551724135,1193.6274583339691
3l_cvrp27.txt,3443.125337584332,29,0.45406896551724135,1615.2605752944946
3l_cvrp27.txt,3443.125337584332,29,0.45406896551724135,907.8597240447998
3l_cvrp27.txt,3443.125337584332,29,0.45406896551724135,840.8698616027832
3l_cvrp27.txt,3443.125337584332,29,0.45406896551724135,1017.5506737232208
3l_cvrp01.txt,x,x,x,x
3l_cvrp02.txt,x,x,x,x
3l_cvrp03.txt,x,x,x,x
3l_cvrp04.txt,x,x,x,x
3l_cvrp05.txt,x,x,x,x
3l_cvrp06.txt,x,x,x,x
3l_cvrp07.txt,x,x,x,x
3l_cvrp08.txt,x,x,x,x
3l_cvrp09.txt,x,x,x,x
3l_cvrp10.txt,x,x,x,x
3l_cvrp11.txt,x,x,x,x
3l_cvrp12.txt,x,x,x,x
3l_cvrp13.txt,x,x,x,x
3l_cvrp14.txt,x,x,x,x
3l_cvrp15.txt,x,x,x,x
3l_cvrp16.txt,x,x,x,x
3l_cvrp17.txt,x,x,x,x
3l_cvrp18.txt,x,x,x,x
3l_cvrp19.txt,x,x,x,x
3l_cvrp20.txt,x,x,x,x
3l_cvrp21.txt,x,x,x,x
3l_cvrp22.txt,x,x,x,x
3l_cvrp23.txt,x,x,x,x
3l_cvrp24.txt,x,x,x,x
3l_cvrp25.txt,x,x,x,x
3l_cvrp26.txt,x,x,x,x
3l_cvrp27.txt,x,x,x,x
